exp_id	parent_exp	depth	path	specialist	status	val_bpb	delta_vs_best	hypothesis
000		0	000	baseline	baseline	1.081000		single-agent generalist baseline (PG 1.0810 SOTA stack)
001	000	1	000/001	generalist	eval_budget_overrun	1.080742		Add per-head attention output sigmoid gate (init +5.0 → ~0.993 transparent at step 0) on all 11 layers, allowing the model to dampen redundant heads — a missing component vs the documented multi_596 reference at 1.072.
002	000	1	000/002	generalist	eval_budget_overrun	1.080426		Freeze tok_emb during score-first TTT (tied embedding == output projection; per-chunk SGD on it overfits global vocab mapping to 32K-token windows).
003	002	2	000/002/003	generalist	keep	1.079370	-0.001630	Skip standalone quantized_sliding_window eval when TTT is enabled (TTT itself does sliding-window scoring; the standalone pass is purely diagnostic and redundant against a tight 600s budget) — combined with the freeze-tok_emb TTT change from exp_002.
004	003	3	000/002/003/004	generalist	keep	1.078965	-0.000405	Raise TTT cosine LR floor from 0 to 0.4·ttt_lr so late val chunks (where the model has accumulated useful drift toward val distribution) keep adapting at meaningful LR instead of freezing.
005	004	4	000/002/003/004/005	generalist	discard	1.079119	+0.000154	Switch TTT inner SGD from heavy-ball to Nesterov-accelerated momentum (nesterov=True). Across ~58K inner steps spanning 305 chunks at constant per-chunk LR, the lookahead update should converge faster per step at zero memory/compute cost.
006	004	4	000/002/003/004/006	generalist	discard	1.079535	+0.000570	Layer-wise LR decay for TTT inner SGD: layer i gets 0.85^(10-i)·ttt_lr (5× total span across depth) — concentrate per-chunk adaptation on later blocks where distribution shift mostly manifests, keep early-layer token features stable. Outer cosine schedule, momentum, and step count unchanged.
007	004	4	000/002/003/004/007	generalist	discard	1.079117	+0.000152	Add weight_decay=1e-4 to TTT SGD optimizer to mildly regularize cumulative drift across ~58K inner steps over 305 chunks; lr×wd=5e-7 per step gives ~3% pull-toward-zero washing out idiosyncratic per-chunk gradient noise while leaving persistent val-distribution signal intact.
008	004	4	000/002/003/004/008	generalist	discard	1.079404	+0.000439	Sharper GPTQ calibration: Hessian damp factor 0.01→0.005 and lazy-batch block_size 128→32 — together push the post-quant weights closer to the FP optimum since both knobs trade calibration robustness for fidelity, an underexplored surface in this lineage (TTT-tweaks 005/006/007 all discarded).
009	004	4	000/002/003/004/009	generalist	discard	1.083416	+0.004451	Add PaLM-style z-loss aux (coef 1e-4 · mean(logsumexp(logits)^2)) to training/TTT cross-entropy: bounds the softmax partition function, tightening logit dynamic range so downstream GPTQ int6 quantization noise is relatively smaller per-token; orthogonal to the saturated TTT-tuning thread.
010	004	4	000/002/003/004/010	generalist	discard	1.092456	+0.013491	Raise EMA_DECAY from 0.9965 to 0.999 (3.5× longer half-life: ~198 → ~693 steps) so end-of-training EMA averages a substantive slice of the 72% linear warmdown phase rather than only its tail — extracts more noise-reduction across late low-LR fine-tuning.
011	004	4	000/002/003/004/011	generalist	discard	1.094698	+0.015733	Reset SGD momentum buffer at each TTT chunk boundary (optimizer.state.clear() per chunk). The single optimizer instance carries momentum across all 305 heterogeneous val-text chunks, so each chunk inherits stale ~10-step-filtered gradient state from prior chunks' (different-topic) tokens — clean per-chunk local momentum should give a more accurate descent direction while preserving the cumulative param drift exp_004 confirmed helps.
012	004	4	000/002/003/004/012	generalist	discard	1.079635	+0.000670	Freeze attention Q/K/V projections (c_q, c_k, c_v) during TTT in addition to tok_emb — the routing matrices shouldn't drift on chunk-local 32K windows; let attn.proj+MLP+norms absorb per-chunk feature-space adaptation (TENT/FFN-adaptation thesis, same structural-freeze axis as the historically strongest exp_002 move).
013	004	4	000/002/003/004/013	generalist	discard	1.079233	+0.000268	Split TTT SGD into two param groups by ndim — 1D per-channel gates (q_gain, attn_out_gate, attn_scale, mlp_scale) get 5× ttt_lr (0.025), 2D matrix params keep 1× (0.005). Mirrors Muon's 1D-vs-2D separation in main training; uplifts the otherwise-sluggish gate scalars whose grad norms are ~100× smaller than matrices.
014	004	4	000/002/003/004/014	generalist	discard	1.081213	+0.002248	Apply eval-time temperature scaling T=1.05 to TTT score-first logits only (TTT training stays T=1.0): post-GPTQ-INT6 + score-first TTT can leave the softmax over-sharpened on chunk-local peaks, mild flattening recovers NLL on hard mid-tail tokens.
015	004	4	000/002/003/004/015	generalist	discard	1.081382	+0.002417	Position-weighted TTT loss: linear 0→1 ramp (mean-normalized) on per-token CE so the TTT inner SGD gradient is biased toward deep-context positions that match the sliding-window eval scoring (last 64/2048 positions per window have ~1984 tokens of context), instead of uniformly averaging over all 2048 positions including shallow-context ones whose distribution differs from the eval task.
016	004	4	000/002/003/004/016	generalist	discard	1.081424	+0.002459	Double ttt_chunk_tokens 32768 → 65536: halves SGD-step count and doubles per-step batch (LaCT-aligned), reducing TTT gradient noise and freeing all_reduce overhead while preserving cross-chunk momentum continuity (the dominant mechanism that exp_011 showed is +0.015 nats critical).
017	004	4	000/002/003/004/017	generalist	discard	1.146477	+0.067512	Switch TTT inner optimizer SGD-momentum→Adam (lr=5e-4, betas=(0.9, 0.95), eps=1e-8): per-param 2nd-moment normalization removes the heterogeneous-grad-magnitude problem that 12 SGD-family children of exp_004 left untouched (all near-noise — Nesterov, layer-LR, WD, momentum reset, ndim-split LR, freeze-QKV, pos-weighted loss, doubled chunks). β2=0.95 stabilizes v within ~20 steps for TTT-without-warmup; peak LR scaled 10× down to match SGD's effective step. Cosine floor 0.4 schedule preserved.
018	004	4	000/002/003/004/018	generalist	discard	1.079278	+0.000313	Replace stock Muon Newton-Schulz5 coefficients (3.4445,-4.775,2.0315) with the Polar Express per-iteration minimax tuples (arXiv:2505.16932) — first iteration gets a wide-spectrum kick (a=8.16,b=-22.48,c=15.88) and subsequent four iterations refine; better polar-factor approximation per backend_step → cleaner Muon update directions across ~700 training steps.
019	004	4	000/002/003/004/019	generalist	discard	1.079424	+0.000459	Freeze depth-recurrence loop bank (blocks 3-5) during TTT in addition to tok_emb — they get 3x training gradient signal (called 3x per forward) and per-chunk SGD on them perturbs all three use-positions simultaneously; SLOT-style freeze-the-bulk transposed onto recurrence topology.</hypothesis> </invoke>
020	004	4	000/002/003/004/020	generalist	eval_budget_overrun	1.097291		Linear ramp ttt_epochs 2→4 across chunks (rounded, total step count preserved) — reallocate inner-loop adaptation budget toward late chunks where the well-adapted starting state makes each SGD step more informative; continues exp_004's directional thesis (more late-chunk adaptation) by varying step count rather than step magnitude.
021	004	4	000/002/003/004/021	generalist	eval_budget_overrun	1.097283		Soft L2 anchor in TTT toward post-train W_0 (alpha=1e-3 per step, applied after each SGD step on non-tok_emb params): caps cumulative drift across ~75 TTT steps without resetting momentum (exp_011's failure) and without decaying toward 0 (exp_007's wrong target).
022	004	4	000/002/003/004/022	generalist	discard	1.079957	+0.000992	Soft L2 anchor in TTT toward post-train W_0, applied per-chunk (alpha=3e-3 once after each chunk's inner-epoch loop) — re-test of exp_021 with the lerp moved out of the per-step inner loop to eliminate ~10s eval overhead that DQ'd it; mathematically equivalent drift retention (0.997^24 ~ 0.93).
023	004	4	000/002/003/004/023	generalist	size_blocked	1.074688		Lower matrix_clip_sigmas from 12.85 → 8.5 (untouched axis): GPTQ SDClip int6 grid covers ±8.5σ instead of ±12.85σ → 1.51× finer step size → ~2.3× lower quantization noise variance for typical-magnitude weights, while saturation at 8.5σ remains rare for trained transformer weights.
024	004	4	000/002/003/004/024	generalist	discard	1.079896	+0.000931	Per-tensor sigma override: apply tight matrix_clip_sigmas=8.5 to attention output projections (.attn.proj.weight, ~12% of model bytes — highest per-byte residual-stream sensitivity) while keeping all other matrices at 12.85, plus loosen embed_clip_sigmas 20→30 to reclaim artifact budget — concentrates exp_023's -0.0043 signal on the most quant-noise-sensitive layers at ~0.18 MB inflation, offset by ~0.3-0.8 MB embed compression savings.
025	004	4	000/002/003/004/025	generalist	size_blocked	1.081744		Per-tensor SDClip σ allocation guided by super-weights literature (arXiv 2411.07191): tighten σ to 8.5 ONLY on.mlp.fc.weight (input proj, fanin=512, no super-weights), revert attn.proj σ to 12.85 (exp_024 confirmed residual-writer outliers must be preserved), loosen embed σ 30→50 to fund the compression bloat under the 16 MB cap.
026	004	4	000/002/003/004/026	generalist	eval_budget_overrun	1.096964		Set TTT inner-loop batch_seqs=1 (decoupled from scoring batch_seqs=32) so each chunk runs ~6 SGD steps (1 per minibatch × 2 minibatches × 3 epochs) instead of ~3 — doubles per-chunk adaptation drift via finer per-step granularity, extending exp_004's late-chunk-adaptation mechanism.
027	004	4	000/002/003/004/027	generalist	discard	1.079054	+0.000089	Pair inner_batch_seqs=1 (from exp_026) with ttt_epochs 3→2: total 4 inner SGD steps/chunk (+33% vs exp_004's 3) at smaller-batch granularity, while reclaiming ~57s eval to stay under the 600s cap that DQ'd exp_026.
028	004	4	000/002/003/004/028	generalist	size_blocked	1.078191		Tighten GPTQ SDClip σ from 12.85 → 8.5 on attention Q/K/V input projections (c_q, c_k, c_v) only — finer int6 grid where super-weights are absent (per Apple arXiv:2411.07191: super-weights live in mlp.proj, not QKV); localizes exp_023's proven -0.0043 mechanism to the smallest, safest substrate while staying within budget
029	004	4	000/002/003/004/029	generalist	discard	1.079075	+0.000110	Shuffle TTT inner-loop batch order each of the 3 epochs (chunk-seeded RNG) so SGD updates see decorrelated, closer-to-IID samples instead of three sequential scans through highly auto-correlated within-chunk text — same step count, lower gradient-noise variance.
030	004	4	000/002/003/004/030	generalist	discard	1.079480	+0.000515	Move enable_looping_at 0.35→0.25 — depth-recurrent loop bank (blocks 3-5, invoked 3× per forward pass) activates 10% earlier in training, raising recurrent-mode training fraction from 65%→75% so blocks 3-5 specialize longer for the 3×-invocation regime they perform at eval.
031	004	4	000/002/003/004/031	generalist	size_blocked	1.074902		Per-row MSE-optimal σ in GPTQ SDClip: replace uniform σ=12.85 with a 5-point grid search around the input clip_sigmas ([cs-4, cs-2.5, cs-1, cs, cs+1.5]) per row, picking the σ that minimizes round-to-nearest reconstruction MSE for that row before GPTQ's column error correction.
032	004	4	000/002/003/004/032	generalist	size_blocked	1.079047		Disable Muon momentum warmup (MUON_MOMENTUM_WARMUP_FRACTION 0.33→0.0): full muon_momentum=0.99 from step 0 instead of ramping 0.92→0.99 over the first 200s/1500 steps, recovering early gradient direction information that Muon's polar-factor update accumulates over time.
033	004	4	000/002/003/004/033	generalist	size_blocked	1.081242		Focal-weighted CE in TTT inner SGD only (gamma=0.5, detached): replace uniform mean CE with weighted mean using w=(1-p_target)^0.5; concentrates SGD signal on high-loss positions where most BPB lives.</hypothesis> <parameter name="notes">TTT inner SGD step only; score-first and training unchanged. Untouched axis vs 28 children of exp_004.
034	004	4	000/002/003/004/034	generalist	size_blocked	1.078817		Tighten embed_clip_sigmas 20.0->12.0: tied tok_emb doubles as logit-head output projection (4.2M params, ~30% of model); halving sigma on int8 SDClip grid doubles bulk-region resolution where most weights live, lowering quant error in logit space at every output position.
035	004	4	000/002/003/004/035	generalist	size_blocked	1.128679		Add label_smoothing=0.1 to TTT inner-SGD CE only (scoring + training CE unchanged): regularizes the 3-epoch per-chunk adaptation against overfitting to chunk-local token distributions, which damages cross-chunk generalization (scoring is on the NEXT chunk's tokens). Untried in lineage; orthogonal to z-loss/focal/W_0-anchor failures (those changed training or fought cumulative drift).
036	004	4	000/002/003/004/036	generalist	discard	1.079311	+0.000346	TTT epoch ramp-up at chunk start
037	004	4	000/002/003/004/037	generalist	eval_budget_overrun	1.097464		Halve ttt_chunk_tokens 32768->16384: doubles number of score-then-adapt cycles for finer TTT adaptation cadence. exp_016 doubled to 65536 (+0.0024 worse) shows the gradient direction.
038	004	4	000/002/003/004/038	generalist	eval_budget_overrun	1.097462		Freeze very-small-numel per-head control gains (q_gain [H=8], attn_out_gate [H=8]) during TTT inner SGD in addition to tok_emb — routing topology is well-tuned by 600s training, and ~58K inner steps over chunk-local val distributions would drift these 8-element vectors enough to perturb head-routing without proportional benefit; matrix weights and per-channel scales (attn_scale/mlp_scale/resid_mix at dim=512) still adapt as before.
039	004	4	000/002/003/004/039	generalist	discard	1.081077	+0.002112	Reduce warmdown_frac 0.72 to 0.5 (WSD-leaning schedule).
040	004	4	000/002/003/004/040	generalist	discard	1.079457	+0.000492	Raise ttt_momentum 0.9 -> 0.95: doubles effective cross-chunk averaging window (1/(1-m): 10 -> 20 steps), amplifying the cross-chunk momentum-carryover mechanism that exp_011 proved is worth ~0.015 nats (resetting it regressed -0.015). Untouched coefficient axis among 35 children of exp_004.
041	004	4	000/002/003/004/041	generalist	size_blocked	1.079350		QuaRot-style Hadamard rotation of every non-embed weight's input axis before GPTQ (W' = W @ H, transformed Hessian H' = H_R^T @ H_orig @ H_R, un-rotated at dequant via deq @ H since normalized Sylvester Hadamard is symmetric-orthogonal): the orthogonal rotation maps each weight row to a near-Gaussian distribution (kurtosis ~3) by spreading outlier energy across input dims, redistributing the GPTQ column-correction bias away from input-aligned directions; row_std preserved so the int6 grid step is unchanged.
042	004	4	000/002/003/004/042	generalist	discard	1.079288	+0.000323	Per-epoch cosine-with-0.4-floor LR decay within each chunk's TTT inner-SGD (epoch 0:1.0× → epoch 2:0.4× of cos_lr) — finer-granularity analogue of exp_004's across-chunk LR floor, dampens late-epoch overfit on chunk-local statistics while keeping epoch 0 at full cos_lr.
043	004	4	000/002/003/004/043	generalist	discard	1.079498	+0.000533	Skip diagnostic non-TTT eval_val passes (pre-quantization post-ema and quantized non-sliding) when TTT is enabled; extends exp_003's redundant-eval-skip mechanism by removing the two remaining non-metric eval passes (~40-70 s of compile + run that the harness never reads), reducing eval_budget_overrun variance.
044	004	4	000/002/003/004/044	generalist	discard	1.079286	+0.000321	Tighten TTT inner-loop grad_clip_norm 1.0 to 0.3 to regime-match training-time clip
045	004	4	000/002/003/004/045	generalist	eval_budget_overrun	1.097095		LookAhead per-chunk Polyak blend in TTT inner SGD: snapshot pre-adapt weights, blend 75%·post + 25%·pre after each chunk's 3-epoch SGD pass. Caps cumulative per-chunk drift toward chunk-local stats (untouched axis — prior 40 children of exp_004 only tweaked per-step LR/momentum/clip/freeze-list, never the magnitude of accepted drift). Complementary to exp_004's across-chunk LR-floor cosine.
046	004	4	000/002/003/004/046	generalist	eval_budget_overrun	1.095948		Add min_lr=0.1 floor to training warmdown schedule.
047	004	4	000/002/003/004/047	generalist	keep	1.078023	-0.000942	Raise TTT cosine LR floor 0.4→0.7: exp_004 proved 0→0.4 helps via more late-chunk drift; pushing 0.7 along same monotonic direction tests whether the slope continues (predicted ~-0.0003) or hits a hump (slight regression).
048	047	5	000/002/003/004/047/048	generalist	keep	1.078012	-0.000011	Push TTT cosine LR floor 0.7→1.0 (= constant LR per chunk): tests asymptote of the now-confirmed super-linear monotonic axis (0→0.4: -0.000405; 0.4→0.7: -0.000942). All chunks adapt at full h.ttt_lr; momentum carryover provides the only cross-chunk smoothing.
049	048	6	000/002/003/004/047/048/049	generalist	discard	1.078157	+0.000145	Raise ttt_lr from 0.005 to 0.0065 to test the asymptote of the monotone more-drift gradient now that cosine floor saturated at 1.0.
050	048	6	000/002/003/004/047/048/050	generalist	discard	1.078109	+0.000097	Selective TTT: freeze blocks.0-2 in addition to tok_emb during score-first TTT (BitFit/TENT-style shallow freeze) — universal subword features stay fixed, deeper stack drifts more aggressively under saturated cosine LR-floor=1.0 regime.
051	048	6	000/002/003/004/047/048/051	generalist	discard	1.228919	+0.150907	Swap TTT SGD+momentum for AdamW (lr=1e-3, betas=(0.9,0.95), wd=0): TTT-LR axis saturated (049 ttt_lr↑ regressed, 048 floor=1.0 saturated); per-tensor adaptive scaling is structurally orthogonal to global-LR tweaks and PR #771 shows AdamW TTT recovers quantization damage better than flat SGD.
052	048	6	000/002/003/004/047/048/052	generalist	discard	1.228937	+0.150925	Halve GPTQ Hessian damping factor 0.01→0.005: reduces Hinv regularization bias for tighter OBQ error compensation; zero byte cost since shape/dtype unchanged and brotli sees near-identical int distribution.
053	048	6	000/002/003/004/047/048/053	generalist	discard	1.078101	+0.000089	Per-layer TTT LR groups: mlp.proj × 2.0 (most GPTQ-damaged matrix), mlp.fc × 0.5 (less damaged input proj throttled for stability), others × 1.0 — concentrates TTT adaptation budget on the MLP down-projection which carries the largest int6 reconstruction error, scaling cosine-LR multiplier per param group.
054	048	6	000/002/003/004/047/048/054	generalist	eval_budget_overrun	1.080020		Split Muon weight decay: MLP matrices use muon_wd_mlp=0.115 vs non-MLP matrices muon_wd=0.095, matching the SOTA seed description that specifies this split but which was absent from the actual code.
055	048	6	000/002/003/004/047/048/055	generalist	discard	1.078169	+0.000157	FreqGPTQ: bias GPTQ Hessian calibration toward high-frequency tokens — pre-fetch all 64 calibration batches, count token frequencies, give top-100 most-frequent tokens a sqrt(2) activation multiplier so their contribution to H=X^T X is 2×, directing GPTQ error-correction budget toward tokens that dominate BPB.
056	048	6	000/002/003/004/047/048/056	generalist	keep	1.077861	-0.000151	Replace linear LR warmdown with cosine decay (same endpoints: 1.0→min_lr=0.1), keeping LR higher for longer in mid-warmdown to give more gradient signal when depth-recurrence activates at frac≈0.35, then a steeper final convergence.
057	056	7	000/002/003/004/047/048/056/057	generalist	eval_budget_overrun	1.096051		Implement bifurcated QK-gain [H,2]: separate learnable per-head Q scale for RoPE dims (col-0, positional) vs NoPE dims (col-1, content), as described in the seed stack but never actually implemented — the prior code used a single [H] gain applying one scalar uniformly across all 64 head dims.
058	057	8	000/002/003/004/047/048/056/057/058	generalist	eval_budget_overrun	1.096606		Bifurcated QK-gain [H,2] with efficient implementation: build gain as [H,head_dim] via expand+cat on the small [H,D] tensor (zero-copy expand), then single q*gain multiplication — same FLOPs as original [H] gain but allows separate per-head scales for RoPE-encoded dims (col-0) vs NoPE content dims (col-1).
059	056	7	000/002/003/004/047/048/056/059	generalist	discard	1.078510	+0.000649	Increase partial RoPE coverage from rope_dims=16 to rope_dims=32 (25%→50% of head_dim=64): doubles positional encoding signal per attention head without adding parameters, changing weight shapes, or adding eval overhead (apply_rotary_emb already cat-splices for partial RoPE at the same op count regardless of rope_dims size).
060	056	7	000/002/003/004/047/048/056/060	generalist	crash			Add learned per-iteration additive biases (loop_iter_bias, shape [3,512], zero-init) injected at the start of each depth-recurrence loop iteration — enables the model to differentiate iter-0/1/2 passes through blocks 3-5, analogous to Universal Transformer depth-position encoding.
061	056	7	000/002/003/004/047/048/056/061	generalist	discard	1.078097	+0.000236	Reduce GPTQ error-compensation block_size from 128 to 32: smaller blocks mean more frequent cross-column error propagation within each Hinv update step, matching the multi_596 seed description (which specifies block_size=32) and the general GPTQ principle that finer granularity reduces quantization error.
062	056	7	000/002/003/004/047/048/056/062	generalist	eval_budget_overrun	1.096298		Increase GPTQ block_size from 128 to 256: exp_061 showed 32 < 128 (larger blocks capture more inter-column OBQ correlation), so testing whether 256 continues the improvement with even longer within-block lookahead.
063	056	7	000/002/003/004/047/048/056/063	generalist	eval_budget_overrun	1.096382		Split Muon weight decay into two param groups: attn matrices use muon_wd=0.095, MLP matrices use muon_wd_mlp=0.115 — matching the SOTA seed description's intended configuration, providing stronger regularization on wider MLP weights to reduce their equilibrium magnitude and post-GPTQ quantization error.
064	056	7	000/002/003/004/047/048/056/064	generalist	eval_budget_overrun	1.096965		Activate depth recurrence earlier: enable_looping_at 0.35→0.25, giving the 17-layer looped architecture 10% more of the 600s training wall-time (75% vs 65%) for more gradient updates in the effective-depth configuration.
065	056	7	000/002/003/004/047/048/056/065	generalist	eval_budget_overrun	1.096873		Cache deserialized quant state between the two deserialize() calls (skips second brotli decompression + torch.load, saving ~4-7s eval time) AND activate depth recurrence earlier (enable_looping_at 0.35→0.25) for more training in the looped configuration.
066	056	7	000/002/003/004/047/048/056/066	generalist	eval_budget_overrun	1.096920		Recover eval budget headroom with three changes on exp_056: (1) cache quant_state between two deserialize() calls (saves ~4s brotli decomp+torch.load), (2) reduce GPTQ calibration 64→48 batches (saves ~4s, Hessian still 6× oversampled for 2048-col matrices), (3) enable_looping_at 0.35→0.25 for quality.
067	056	7	000/002/003/004/047/048/056/067	generalist	eval_budget_overrun	1.108562		Full-training per-row STE int6 QAT in CastedLinear (clip_sigma=12.85, clip_range=31, always-on from step 0) regularizes weights toward the GPTQ quantization grid throughout training, reducing post-GPTQ performance degradation; eval restructure skips diagnostic first deserialize+eval_val when TTT enabled to recover ~12-20s of eval budget.
068	056	7	000/002/003/004/047/048/056/068	generalist	eval_budget_overrun	1.086259		Revert QAT (hurt training quality in exp_067), keep eval budget fix (skip diagnostic 'quantized' non-TTT eval when TTT enabled, saving ~30s), and increase muon_backend_steps 5→7 for tighter Newton-Schulz polar factor convergence in Muon.
069	056	7	000/002/003/004/047/048/056/069	generalist	discard	1.078814	+0.000953	Skip ALL diagnostic eval passes (pre-quant dynamo-reset+compile ~35s + intermediate quantized deserialize+eval ~15s) in the TTT path to save ~50s on a environment running ~39s slow; also muon_backend_steps 5→7 for better Newton-Schulz convergence.
070	056	7	000/002/003/004/047/048/056/070	generalist	eval_budget_overrun			Muon WD split (attn/other=0.095, MLP=0.115 matching seed-stack description) + fix dynamo reset order to before GPTQ serialize (clean eager-mode Hessian calibration, recovers exp_069 regression).
071	056	7	000/002/003/004/047/048/056/071	generalist	eval_budget_overrun			Muon WD split (attn=0.095, MLP=0.115) + dynamo reset before GPTQ + reduce calibration batches 64→32 to save ~8s eval time and stay within budget on the slow environment.
072	056	7	000/002/003/004/047/048/056/072	generalist	discard	1.078124	+0.000263	Compile TTT adaptation forward (base_model→compiled_ttt_model) to speed up the eager adaptation loop, saving ~40-70s eval time net of second compile overhead; also Muon WD split (attn=0.095, MLP=0.115).
073	072	8	000/002/003/004/047/048/056/072/073	generalist	eval_budget_overrun			muon_backend_steps 5→7 for tighter Newton-Schulz polar factor convergence in Muon, on top of exp_072's working eval stack (compiled TTT, Muon WD split, eval timing fixes).
074	056	7	000/002/003/004/047/048/056/074	generalist	discard	1.078544	+0.000683	Replace fixed Newton-Schulz coefficients (3.4445, -4.775, 2.0315) with per-iteration Polar Express minimax-optimized tuples (Epperly et al. arXiv:2505.16932, 2025): 5 optimized steps then asymptotic (1.875,-1.25,0.375) for steps 6-7, giving higher-quality polar factor orthogonalization per Muon step and thus better gradient updates throughout training.
075	056	7	000/002/003/004/047/048/056/075	generalist	discard	1.078553	+0.000692	Enable depth recurrence earlier (enable_looping_at 0.35→0.25) giving the looped 17-layer architecture 10% more training time (75% vs 65% of the 600s budget); also skip ~50s of diagnostic pre-quant+quantized evals before TTT to ensure eval fits within budget on the current slower environment.
076	056	7	000/002/003/004/047/048/056/076	generalist	keep	1.077585	-0.000276	Isolate Muon WD split: attn/other matrices use muon_wd=0.095, MLP matrices use muon_wd_mlp=0.115 (the seed-stack intended config) — testing in isolation vs exp_056, with streamlined eval path to ensure budget fit.
077	076	8	000/002/003/004/047/048/056/076/077	generalist	crash			Paired Head Muon: apply Newton-Schulz orthogonalization independently to Q/K matrices split into head pairs ([128×512] blocks) rather than the full matrix, giving each head pair its own orthogonal update direction and 4× cheaper NS compute per QK param — from NanoGPT speedrun Record #80 (Apr 2026).
078	076	8	000/002/003/004/047/048/056/076/078	generalist	keep	1.077522	-0.000063	Paired Head Muon: apply Newton-Schulz orthogonalization independently to Q/K matrices in head-pair blocks ([128×512] each) rather than the full matrix, giving each pair its own orthogonal update direction and 4× cheaper NS compute — NanoGPT speedrun Record #80 (Apr 2026). Also fixes collect_hessians to include 'qk' category.
079	078	9	000/002/003/004/047/048/056/076/078/079	generalist	discard	1.077942	+0.000420	Lower min_lr from 0.1→0.05: deeper final convergence in the cosine warmdown (which covers 72% of training from frac=0.28), forcing the optimizer to settle into a tighter basin at 5% of peak LR instead of 10%, yielding better GPTQ quantization fidelity and TTT initialization.
080	078	9	000/002/003/004/047/048/056/076/078/080	generalist	keep	1.077488	-0.000034	Async CPU batch prefetch: move mmap data loading to a background thread (queue.Queue maxsize=3) so CPU batch-building overlaps with GPU computation — recovers ~3-5ms/step × ~3000 steps ≈ 10-15 extra training seconds → ~100-150 more gradient steps in the warmdown tail.
081	080	10	000/002/003/004/047/048/056/076/078/080/081	generalist	keep	1.076421	-0.001067	ResFormer value residual (arxiv 2410.17897): thread block[0]'s V projection of x0 to all attention layers as a learnable residual (sigmoid-gated, init≈0.047), providing a direct embedding→V shortcut that alleviates attention concentration with zero new weight matrices and 11 tiny scalar parameters.
082	081	11	000/002/003/004/047/048/056/076/078/080/081/082	generalist	size_blocked	1.080592		Focal loss (γ=2) during training: re-weight per-token CE by (1-pt)²/mean((1-pt)²) where pt=exp(-ce_token), computed via.detach() to avoid gradient through weights. Hard/uncertain tokens get up to ~80× more gradient than easy tokens. TTT adaptation uses standard CE (matching eval objective) via forward_logits + explicit CE. No new parameters; zero memory overhead beyond the detached per-token CE.
083	081	11	000/002/003/004/047/048/056/076/078/080/081/083	generalist	discard	1.077505	+0.001084	Key residual from block[0] alongside value residual: thread k_res = blocks[0].c_k(attn_norm(x0)*scale) to all attention layers, adding sigmoid(k_res_scale)*k_res to each layer's K before rms_norm. Extends ResFormer to also provide a direct x0→K shortcut, biasing attention patterns toward the initial embedding's key features. 11 new scalar parameters (k_res_scale per block), same forward-pass cost as v_res.
084	081	11	000/002/003/004/047/048/056/076/078/080/081/084	generalist	crash			Muon+ (arxiv 2602.21545) post-NS column normalization: after Newton-Schulz orthogonalization, normalize each input-feature column to unit L2 norm before the shape-scale step, complementing the existing pre-NS row normalization (MuonEq-R). Muon+ shows 5-7% relative val-ppl gains by balancing per-input-feature update magnitudes.
085	081	11	000/002/003/004/047/048/056/076/078/080/081/085	generalist	crash			Muon+ (arxiv 2602.21545) post-NS column normalization: after Newton-Schulz orthogonalization, normalize each input-feature column to unit L2 norm before the shape-scale step, complementing the existing pre-NS row normalization (MuonEq-R). Muon+ shows 5-7% relative val-ppl gains by balancing per-input-feature update magnitudes.
086	081	11	000/002/003/004/047/048/056/076/078/080/081/086	generalist	preflight_crash			Reduce GPTQ Hessian damping from 0.01 to 0.005: lower damping reduces regularisation bias in the Hessian-based quantization correction, allowing GPTQ to make more faithful error compensation and improving quantized model quality with our well-conditioned 64-batch calibration.
087	081	11	000/002/003/004/047/048/056/076/078/080/081/087	generalist	preflight_crash			Reduce GPTQ Hessian damping from 0.01 to 0.005: lower damping reduces regularisation bias in the Hessian-based quantization correction, allowing GPTQ to make more faithful error compensation and improving quantized model quality with our well-conditioned 64-batch calibration.
088	081	11	000/002/003/004/047/048/056/076/078/080/081/088	generalist	preflight_crash			Reduce GPTQ Hessian damping factor from 0.01 to 0.005: halving the diagonal regularization reduces Hessian bias and allows more accurate weight correction during quantization, expected to narrow the ~0.019 BPB quantization gap.
089	081	11	000/002/003/004/047/048/056/076/078/080/081/089	generalist	crash			Frequency-weighted GPTQ Hessian calibration (FreqGPTQ from PR #1721/#1743): top-100 most-frequent tokens get sqrt(2) activation scale during Hessian accumulation (→ 2× Hessian weight), biasing GPTQ to minimize quantization error on the tokens that dominate BPB.
090	081	11	000/002/003/004/047/048/056/076/078/080/081/090	generalist	crash			FreqGPTQ: frequency-weighted GPTQ Hessian calibration — top-100 most-frequent tokens get sqrt(2) activation scale (→ 2× Hessian weight) so GPTQ minimizes quantization error preferentially on tokens dominating BPB. CPU-safe two-stage collection: store CPU batches first, compute freq weights, replay with weighted H accumulation.
091	081	11	000/002/003/004/047/048/056/076/078/080/081/091	generalist	crash			FreqGPTQ: frequency-weighted GPTQ Hessian calibration — two-pass: first n_calibration_batches for token freq stats (GPU cat → CPU bincount), then standard Hessian collection with top-100 frequent tokens getting sqrt(2) activation boost (2× Hessian weight).
092	081	11	000/002/003/004/047/048/056/076/078/080/081/092	generalist	preflight_crash			Add z-loss regularization (PaLM-2 style, coefficient 1e-4) to training loss to prevent logit magnitude explosion and improve logit sharpness, which should improve BPB by ~0.001-0.003.
093	081	11	000/002/003/004/047/048/056/076/078/080/081/093	generalist	preflight_crash			Add z-loss regularization (PaLM-2 style, coefficient 1e-4) to training loss to prevent logit magnitude explosion and improve logit sharpness, which should improve BPB by ~0.001-0.003.
094	081	11	000/002/003/004/047/048/056/076/078/080/081/094	generalist	preflight_crash			Bifurcated q_gain [H,2]: separate learnable scale for the rope_dims=16 RoPE-encoded head dims (col-0) vs the remaining 48 NoPE head dims (col-1), both initialized at 5.25. Allows the model to independently tune attention temperature in the positional and semantic subspaces — the design the seed description intended but never implemented.
095	081	11	000/002/003/004/047/048/056/076/078/080/081/095	generalist	crash			Three stacked infrastructure-failed improvements from exp_081: (1) bifurcated q_gain [H,2] separating independent temperature scales for RoPE (dim 0–15) and NoPE (dim 16–63) attention subspaces; (2) z-loss 1e-4 to regularize logit magnitudes; (3) GPTQ Hessian damping 0.01→0.005 for less biased quantization.
096	081	11	000/002/003/004/047/048/056/076/078/080/081/096	generalist	preflight_crash			Z-loss regularization (PaLM-2 style, coeff 1e-4): add 1e-4*(logsumexp(logits))^2 to training CE loss to softly penalize growing partition function, improving logit calibration — complementary to the existing logit_softcap=30 hard ceiling.
097	081	11	000/002/003/004/047/048/056/076/078/080/081/097	generalist	preflight_crash			Bifurcated q_gain [H,2] (separate temperature scales for RoPE dims 0-15 vs NoPE dims 16-63), z-loss 1e-4 (already in code from exp_095), and GPTQ Hessian damping 0.01→0.005: three orthogonal improvements targeting attention quality, training stability, and quantization accuracy.
098	081	11	000/002/003/004/047/048/056/076/078/080/081/098	generalist	preflight_crash			Bifurcated q_gain [H,2] (separate temperature scales for RoPE dims 0-15 vs NoPE dims 16-63), z-loss 1e-4 (already in code from exp_095), and GPTQ Hessian damping 0.01→0.005: three orthogonal improvements targeting attention quality, training stability, and quantization accuracy.
099	081	11	000/002/003/004/047/048/056/076/078/080/081/099	generalist	preflight_crash			DIFF Transformer attention (arxiv 2410.05258): split Q/K along head_dim (64→32+32), two FA3 calls, subtract per-head learnable λ=sigmoid(diff_lambda, init=-3.0) to cancel noise patterns; also bundles z-loss 1e-4 and GPTQ damping 0.005 already in workdir.
100	081	11	000/002/003/004/047/048/056/076/078/080/081/100	generalist	preflight_crash			Polar Express Newton-Schulz coefficients (arxiv 2505.16932, PR #1787): replace fixed (3.4445, -4.775, 2.0315) with 5 per-iteration minimax-optimized tuples that converge faster in early steps, giving a better polar factor for Muon weight orthogonalization at the same backend_steps=5 cost.
101	081	11	000/002/003/004/047/048/056/076/078/080/081/101	generalist	preflight_crash			Add PaLM-2 z-loss regularization (coeff=1e-4): penalize (log Z)^2 where Z=logsumexp(softcapped logits) to prevent partition-function drift and keep logit magnitudes calibrated throughout training, especially beneficial with tied embeddings where embedding norms control logit scale.
102	081	11	000/002/003/004/047/048/056/076/078/080/081/102	generalist	preflight_crash			Reduce GPTQ Hessian damping from 0.01 to 0.005: halving the diagonal regularization reduces Hessian estimation bias so GPTQ follows true curvature more accurately, improving int6 quantization fidelity.
103	081	11	000/002/003/004/047/048/056/076/078/080/081/103	generalist	preflight_crash			Polar Express Newton-Schulz (arxiv 2505.16932): replace fixed (3.4445,-4.775,2.0315) applied uniformly across all 5 Muon NS steps with 5 per-iteration minimax-optimal coefficient tuples (_PE_COEFFS from gram-newton-schulz YOU_COEFFICIENTS), giving each step an individually optimized cubic polynomial that converges faster to the polar factor.
104	081	11	000/002/003/004/047/048/056/076/078/080/081/104	generalist	preflight_crash			Polar Express Newton-Schulz (arxiv 2505.16932): replace fixed (3.4445,-4.775,2.0315) applied uniformly across all 5 Muon NS steps with 5 per-iteration minimax-optimal coefficients from the PE paper; first step uses aggressive (8.157,-22.483,15.879) to rapidly push singular values toward 1, subsequent steps refine convergence.
105	081	11	000/002/003/004/047/048/056/076/078/080/081/105	generalist	preflight_crash			Polar Express NS coefficients (per-step minimax-optimal 5-step coefficients from arxiv 2505.16932) + GPTQ Hessian damping reduction 0.01→0.005: PE gives each NS iteration its own optimized (a,b,c) coefficients reducing polar-factor approximation error; lower GPTQ damping reduces Hessian regularisation bias so error propagation in GPTQ is closer to true curvature.
106	081	11	000/002/003/004/047/048/056/076/078/080/081/106	generalist	preflight_crash			Polar Express NS (5 per-step minimax-optimal Newton-Schulz coefficients replacing fixed uniform (3.4445,-4.775,2.0315)) + GPTQ Hessian damping halved 0.01→0.005: PE NS improves gradient orthogonalization quality in Muon; lower damping reduces Hessian estimation bias for better GPTQ quantization.
107	081	11	000/002/003/004/047/048/056/076/078/080/081/107	generalist	preflight_crash			Polar Express Newton-Schulz (arxiv 2505.16932): replace fixed (3.4445,-4.775,2.0315) applied uniformly across all 5 Muon NS steps with 5 per-step minimax-optimal coefficients from modded-nanogpt, which better approximate the polar factor by adapting to the current spectral range at each iteration.
108	081	11	000/002/003/004/047/048/056/076/078/080/081/108	generalist	preflight_crash			Polar Express Newton-Schulz (arxiv 2505.16932): replace fixed uniform coefficients (3.4445,-4.775,2.0315) with 5 per-step minimax-optimal coefficients, giving each of the 5 NS iterations its own optimal polynomial approximation to the sign function rather than re-using a single sub-optimal set — should improve Muon gradient orthogonalization quality at zero compute cost.
109	081	11	000/002/003/004/047/048/056/076/078/080/081/109	generalist	preflight_crash			Polar Express Newton-Schulz (arxiv 2505.16932): replace fixed uniform coefficients (3.4445,-4.775,2.0315) with 5 per-step minimax-optimal coefficients so each NS iteration uses the polynomial that minimizes worst-case distance from the polar factor at that convergence stage.
110	081	11	000/002/003/004/047/048/056/076/078/080/081/110	generalist	preflight_crash			Polar Express NS (5 per-step minimax-optimal Newton-Schulz coefficients, arxiv 2505.16932) + GPTQ Hessian damping 0.01→0.005: both changes were accumulated in workdir from prior the infrastructure-failed attempts; submitting together as infrastructure appears recovered.
111	081	11	000/002/003/004/047/048/056/076/078/080/081/111	generalist	preflight_crash			Polar Express NS coefficients (5 per-step minimax-optimal, arxiv 2505.16932) + GPTQ Hessian damping 0.01→0.005: better NS convergence improves Muon update quality; lower damping reduces Hessian estimation bias for sharper GPTQ quantization.
112	081	11	000/002/003/004/047/048/056/076/078/080/081/112	generalist	preflight_crash			Polar Express Newton-Schulz (arxiv 2505.16932): replace fixed uniform (3.4445, -4.775, 2.0315) Muon NS coefficients with 5 per-step minimax-optimal coefficient tuples that provably converge faster to the polar factor, yielding higher-quality Muon gradient updates throughout training.
113	081	11	000/002/003/004/047/048/056/076/078/080/081/113	generalist	preflight_crash			Three compounding improvements: (1) Polar Express NS coefficients (5 per-step minimax-optimal tuples replacing fixed uniform (3.4445,-4.775,2.0315)) for better Muon gradient orthogonalization; (2) Nesterov=True in TTT SGD for faster per-chunk lookahead convergence in the 3-epoch regime; (3) GPTQ Hessian damping 0.01→0.005 for less biased quantization with our 64-batch calibration.
114	081	11	000/002/003/004/047/048/056/076/078/080/081/114	generalist	preflight_crash			Three compounding improvements over exp_081: (1) Polar Express per-step NS coefficients replacing fixed (3.4445,-4.775,2.0315) for better Muon orthogonalization, (2) GPTQ Hessian damping 0.01→0.005 to reduce calibration bias, (3) TTT Nesterov SGD (nesterov=True) for better eval-time adaptation.
115	081	11	000/002/003/004/047/048/056/076/078/080/081/115	generalist	preflight_crash			Three compounding improvements on exp_081: (1) Polar Express per-step minimax-optimal NS coefficients (arxiv 2505.16932) replacing fixed (3.4445,-4.775,2.0315), (2) GPTQ Hessian damping 0.01→0.005 halving regularization bias, (3) TTT SGD nesterov=True for lookahead momentum in score-first adaptation.
116	081	11	000/002/003/004/047/048/056/076/078/080/081/116	generalist	preflight_crash			Polar Express NS (5 per-step minimax-optimal coefficients replacing fixed 3.4445,-4.775,2.0315) + GPTQ Hessian damping 0.01→0.005: better Muon polar-factor convergence + reduced Hessian regularisation bias compound for expected ~-0.003 BPB.
117	081	11	000/002/003/004/047/048/056/076/078/080/081/117	generalist	preflight_crash			Polar Express NS coefficients (5 per-step minimax-optimal tuples replacing fixed 3.4445,-4.775,2.0315) + GPTQ Hessian damping 0.01→0.005: improvements accumulated from prior the infrastructure-blocked attempts (exp_107-116); PE NS improves Muon orthogonalization quality per arxiv 2505.16932, lower damping reduces Hessian regularization bias for more accurate int6 quantization.
118	081	11	000/002/003/004/047/048/056/076/078/080/081/118	generalist	preflight_crash			Three compounding improvements over exp_081: (1) Polar Express per-step minimax-optimal NS coefficients (5 tuples from arxiv 2505.16932) replacing fixed (3.4445,-4.775,2.0315) for better Muon gradient orthogonalization, (2) GPTQ Hessian damping 0.01→0.005 to reduce regularization bias, (3) Nesterov=True in TTT SGD for faster within-chunk convergence.
119	081	11	000/002/003/004/047/048/056/076/078/080/081/119	generalist	preflight_crash			Three compounding improvements over exp_081: (1) Polar Express per-step minimax-optimal NS coefficients (5 tuples replacing fixed 3.4445,-4.775,2.0315) for tighter Muon orthogonalization; (2) GPTQ Hessian damping 0.01→0.005 to reduce regularization bias in quantization; (3) Nesterov SGD for TTT (momentum lookahead for faster per-chunk adaptation).
120	081	11	000/002/003/004/047/048/056/076/078/080/081/120	generalist	preflight_crash			Three accumulated improvements over exp_081: (1) Polar Express per-step minimax-optimal NS coefficients (5 tuples replacing fixed 3.4445,-4.775,2.0315) for better Muon gradient orthogonalization; (2) GPTQ Hessian damping 0.01→0.005 for less-biased quantization; (3) Nesterov=True in TTT SGD for faster per-chunk convergence.
121	081	11	000/002/003/004/047/048/056/076/078/080/081/121	generalist	preflight_crash			Three compounding improvements over exp_081: (1) Polar Express per-step minimax-optimal NS coefficients (5 tuples replacing fixed 3.4445,-4.775,2.0315, arxiv 2505.16932) for better Muon orthogonalization quality; (2) GPTQ Hessian damping 0.01→0.005 to reduce calibration bias; (3) Nesterov=True in TTT SGD for faster per-chunk convergence.
122	081	11	000/002/003/004/047/048/056/076/078/080/081/122	generalist	preflight_crash			Polar Express NS (5 per-step minimax-optimal Newton-Schulz coefficients, arxiv 2505.16932) + GPTQ Hessian damping 0.01→0.005: better Muon orthogonalization convergence and reduced quantization bias.
123	081	11	000/002/003/004/047/048/056/076/078/080/081/123	generalist	preflight_crash			Three compounding improvements over exp_081: (1) Polar Express per-step minimax-optimal NS coefficients (5 tuples from arxiv 2505.16932) replacing fixed (3.4445,-4.775,2.0315) for better Muon gradient orthogonalization; (2) GPTQ Hessian damping 0.01→0.005 to reduce calibration bias; (3) Nesterov=True in TTT SGD for faster per-chunk convergence — all accumulated from prior the infrastructure-failed attempts.
124	081	11	000/002/003/004/047/048/056/076/078/080/081/124	generalist	preflight_crash			Polar Express per-step minimax-optimal NS coefficients (arxiv 2505.16932, 5 tuples replacing fixed 3.4445,-4.775,2.0315) + GPTQ Hessian damping 0.01→0.005: better Muon polar factor convergence + less over-regularization in GPTQ Hessian estimates.
125	081	11	000/002/003/004/047/048/056/076/078/080/081/125	generalist	preflight_crash			Polar Express per-step minimax-optimal NS coefficients (arxiv 2505.16932) replacing fixed (3.4445,-4.775,2.0315) + GPTQ Hessian damping 0.01→0.005: better Muon orthogonalization quality and reduced quantization Hessian bias should jointly lower val_bpb.
126	081	11	000/002/003/004/047/048/056/076/078/080/081/126	generalist	preflight_crash			Polar Express per-step minimax-optimal NS coefficients (arxiv 2505.16932) + GPTQ Hessian damping halved 0.01→0.005: better Muon orthogonalization quality per step and reduced Hessian regularization bias for sharper weight quantization.
127	081	11	000/002/003/004/047/048/056/076/078/080/081/127	generalist	preflight_crash			Polar Express per-step minimax-optimal NS coefficients (5 tuples replacing fixed 3.4445,-4.775,2.0315) + GPTQ Hessian damping halved 0.01→0.005: better Muon orthogonalization convergence and more accurate Hessian inversion for quantization.
128	081	11	000/002/003/004/047/048/056/076/078/080/081/128	generalist	preflight_crash			Three accumulated improvements on exp_081: (1) Polar Express per-step minimax-optimal NS coefficients (5 tuples replacing fixed 3.4445,-4.775,2.0315) for better Muon orthogonalization; (2) GPTQ Hessian damping 0.01→0.005 to reduce calibration bias; (3) TTT SGD nesterov=True for faster per-chunk lookahead convergence.
129	081	11	000/002/003/004/047/048/056/076/078/080/081/129	generalist	preflight_crash			Per-layer TTT LR scaling: outer blocks get higher adaptation LR (block i gets (0.5 + i/(N-1))× ttt_lr, range 0.5×–1.0×–1.5×) to concentrate TTT budget on layers most impacted by quantization, while maintaining same average LR as uniform.
130	081	11	000/002/003/004/047/048/056/076/078/080/081/130	generalist	preflight_crash			Compound improvement on exp_081: (1) Polar Express per-step minimax-optimal NS coefficients (arxiv 2505.16932) replacing fixed (3.4445,-4.775,2.0315) for better Muon orthogonalization; (2) GPTQ Hessian damping 0.01→0.005 to reduce regularization bias; (3) Nesterov=True in TTT SGD for lookahead momentum; (4) per-layer TTT LR scaling (block i gets 0.5+i/10 × ttt_lr, range 0.5×-1.5×, mean=1.0) concentrating adaptation budget on later blocks.
131	081	11	000/002/003/004/047/048/056/076/078/080/081/131	generalist	preflight_crash			Three compounding improvements on exp_081: (1) Polar Express per-step minimax-optimal NS coefficients replacing fixed (3.4445,-4.775,2.0315); (2) GPTQ Hessian damping 0.01→0.005 reducing regularization bias; (3) per-layer TTT LR scaling (block i gets (0.5+i/(N-1))×ttt_lr, range 0.5×–1.5×) + Nesterov momentum for better late-layer TTT adaptation.
132	081	11	000/002/003/004/047/048/056/076/078/080/081/132	generalist	preflight_crash			Three orthogonal improvements on exp_081: (1) Polar Express per-step minimax-optimal NS coefficients replacing fixed (3.4445,-4.775,2.0315) for better Muon polar-factor convergence; (2) GPTQ Hessian damping halved 0.01→0.005 for less-biased quantization; (3) Nesterov=True in TTT SGD (momentum=0.9) for lookahead acceleration in 4-epoch per-chunk adaptation.
133	081	11	000/002/003/004/047/048/056/076/078/080/081/133	generalist	preflight_crash			Polar Express per-step minimax-optimal Newton-Schulz coefficients (arxiv 2505.16932): replace fixed (3.4445,-4.775,2.0315) with 5 per-step Remez-optimal tuples that converge to true polar(M), giving better-orthogonalized Muon weight updates each step.
134	081	11	000/002/003/004/047/048/056/076/078/080/081/134	generalist	preflight_crash			Reduce GPTQ Hessian damping from 0.01 to 0.005: halving the diagonal regularization reduces Hessian bias, allowing more accurate weight reconstruction during quantization (technique from PR #1318 context).
135	081	11	000/002/003/004/047/048/056/076/078/080/081/135	generalist	crash			Bifurcated q_gain [H,2]: independent learnable temperature scales for RoPE dims (0–15, positional) vs NoPE dims (16–63, semantic), both initialized at 5.25 — allows the model to separately tune attention sharpness in positional vs semantic subspaces, the design the seed description intended but the codebase never implemented.
136	081	11	000/002/003/004/047/048/056/076/078/080/081/136	generalist	crash			Four accumulated improvements over exp_081: (1) bifurcated q_gain [H,2] separating RoPE/NoPE attention temperature scales; (2) Polar Express per-step minimax-optimal NS coefficients (arxiv 2505.16932) replacing fixed (3.4445,-4.775,2.0315); (3) GPTQ Hessian damping 0.01→0.005 reducing quantization bias; (4) Nesterov=True in TTT SGD for faster per-chunk lookahead convergence.
137	081	11	000/002/003/004/047/048/056/076/078/080/081/137	generalist	preflight_crash			Polar Express per-step minimax-optimal NS coefficients (arxiv 2505.16932, verified vs Dao-AILab/gram-newton-schulz) replacing fixed (3.4445,-4.775,2.0315), plus GPTQ Hessian damping 0.01→0.005 for less-biased quantization.
138	081	11	000/002/003/004/047/048/056/076/078/080/081/138	generalist	preflight_crash			Polar Express per-step minimax-optimal NS coefficients (arxiv 2505.16932, verified vs Dao-AILab/gram-newton-schulz) replacing fixed (3.4445,-4.775,2.0315), plus GPTQ Hessian damping 0.01→0.005 for less-biased quantization.
139	081	11	000/002/003/004/047/048/056/076/078/080/081/139	generalist	preflight_crash			Per-layer TTT LR scaling (block i: lr_scale=0.5+i/10 ∈ [0.5,1.5], outer blocks adapt 3× faster) + Nesterov=True SGD: concentrates TTT budget on output-proximal layers where quantization errors most directly affect BPB, while Nesterov look-ahead reduces per-chunk oscillations (arXiv:2602.09719).
140	081	11	000/002/003/004/047/048/056/076/078/080/081/140	generalist	preflight_crash			Polar Express per-step minimax-optimal NS coefficients (5 steps, arxiv 2505.16932) replacing fixed uniform (3.4445,-4.775,2.0315) + GPTQ Hessian damping 0.005 (from 0.01): two improvements accumulated from failed infrastructure attempts after exp_081, now submitted clean without bifurcated q_gain.
141	081	11	000/002/003/004/047/048/056/076/078/080/081/141	generalist	preflight_crash			Polyak TTT weight averaging (decay=0.998): before scoring each chunk (ci>0) swap in a float32 EMA of all past gradient-step weights, then restore gradient weights for training — smoother, less-overfit scoring weights without changing the training trajectory (adapted from PR #995).
142	081	11	000/002/003/004/047/048/056/076/078/080/081/142	generalist	preflight_crash			Polyak TTT weight averaging (decay=0.998): before scoring each chunk (ci>0) swap in a float32 EMA of all past gradient-step weights, then restore gradient weights for training — smoother, less-overfit scoring weights without changing the training trajectory (adapted from PR #995).
143	081	11	000/002/003/004/047/048/056/076/078/080/081/143	generalist	preflight_crash			Bundle of 4 accumulated improvements over exp_081: (1) Polar Express per-step NS coefficients (arxiv 2505.16932) replacing fixed (3.4445,-4.775,2.0315); (2) GPTQ Hessian damping halved 0.01→0.005 for less-biased quantization; (3) per-layer TTT LR scaling (0.5+i/(L-1) ∈ [0.5,1.5]); (4) Polyak TTT weight averaging (decay=0.998) using EMA of adapted weights for inference.
144	081	11	000/002/003/004/047/048/056/076/078/080/081/144	generalist	preflight_crash			Bundle of 4 accumulated improvements over exp_081: (1) Polar Express per-step minimax-optimal NS coefficients (5 tuples, arxiv 2505.16932) replacing fixed (3.4445,-4.775,2.0315) for better Muon orthogonalization; (2) GPTQ Hessian damping 0.01→0.005 reducing calibration bias; (3) per-layer TTT LR scaling (block i: 0.5+i/10 ∈ [0.5,1.5]); (4) Nesterov=True in TTT SGD — all previously infrastructure-blocked.
145	081	11	000/002/003/004/047/048/056/076/078/080/081/145	generalist	preflight_crash			Bundle of 4 accumulated improvements over exp_081 (all infrastructure-failed in prior sessions): (1) Polar Express per-step minimax-optimal NS coefficients (steps=10→5, arxiv 2505.16932); (2) GPTQ Hessian damping halved 0.01→0.005 (less regularization bias, PR #1318); (3) per-layer TTT LR scaling (outer blocks lr×1.5, inner ×0.5, arXiv 2602.09719); (4) Nesterov=True in TTT SGD for lookahead convergence.
146	081	11	000/002/003/004/047/048/056/076/078/080/081/146	generalist	keep	1.076144	-0.000277	Bundle of 4 accumulated improvements over exp_081 (all infrastructure-failed in prior sessions): (1) Polar Express per-step minimax-optimal NS coefficients (arxiv 2505.16932), (2) per-layer TTT LR scaling 0.5→1.5 concentrating adaptation on outer blocks, (3) Nesterov=True in TTT SGD, (4) GPTQ Hessian damp 0.01→0.005.
147	146	12	000/002/003/004/047/048/056/076/078/080/081/146/147	generalist	keep	1.076019	-0.000125	Remove nesterov=True from TTT SGD (revert to heavy-ball momentum): exp_005 showed Nesterov added +0.000154 BPB on the same TTT axis; exp_146's bundle inadvertently included it, masking potential gains from Polar Express NS + per-layer LR scaling + GPTQ damp 0.005.
148	147	13	000/002/003/004/047/048/056/076/078/080/081/146/147/148	generalist	discard	1.076141	+0.000122	FreqGPTQ: boost top-100 most-frequent tokens' activations by sqrt(2) during GPTQ Hessian accumulation → 2× weight in H=X^TX for those tokens, biasing int6 quantization fidelity toward positions that dominate val_bpb at zero artifact cost (technique from PR #1721).
149	147	13	000/002/003/004/047/048/056/076/078/080/081/146/147/149	generalist	size_blocked	1.077178		K residual: thread block[0]'s K projection (computed on x0) to all attention layers as a learnable residual (sigmoid-gated, init≈0.047), analogous to the V residual (exp_081: -0.001067 BPB). Anchors each layer's key representation to the original token embedding, preventing key drift in deep networks and providing direct embedding→K shortcut.
150	147	13	000/002/003/004/047/048/056/076/078/080/081/146/147/150	generalist	size_blocked	1.076439		Polyak TTT weight averaging (decay=0.998): before scoring each chunk (ci>0), swap in float32 EMA of all prior adapted model weights; after scoring, restore current weights for adaptation; update EMA after each chunk's SGD steps. EMA smooths out chunk-specific overfitting in adapted weights so each chunk is scored with a more globally-representative model state.
151	147	13	000/002/003/004/047/048/056/076/078/080/081/146/147/151	generalist	discard	1.076092	+0.000073	Increase TTT SGD momentum from 0.9 to 0.95: strengthens cross-chunk momentum carryover (the mechanism behind exp_004/047/048's monotonic TTT gains), extending the effective adaptation memory from ~10-20 chunks to ~30-50 chunks with 3 SGD steps/chunk. With 305 total val chunks, higher momentum accumulates stronger directional drift toward the val distribution under the constant-LR regime established by exp_048.
152	147	13	000/002/003/004/047/048/056/076/078/080/081/146/147/152	generalist	size_blocked	1.091921		Differential attention (DIFF Transformer style, arxiv 2410.05258): split Q/K/V each in half along head_dim (64→32+32), two FA3 calls per layer, subtract per-head learnable λ=sigmoid(diff_lambda, init=-3.0≈0.047) from first attention output; y=cat([y1-λ*y2, y2], dim=-1). Noise cancellation via differential attention maps; no parameter or artifact size increase beyond 11×8=88 trivial scalars.
153	147	13	000/002/003/004/047/048/056/076/078/080/081/146/147/153	generalist	size_blocked	1.077379		Replace fixed leaky_relu(h, 0.5).square() with learnable per-layer activation slope: torch.where(h >= 0, h, sigmoid(act_slope) * h).square() where act_slope is a new nn.Parameter(0.0) per MLP block, allowing each layer to adapt its negative slope (sigmoid(0)=0.5=current default) toward relu² (slope→0) or away from it during training.
154	147	13	000/002/003/004/047/048/056/076/078/080/081/146/147/154	generalist	discard	1.079445	+0.003426	Revert harmful learnable MLP activation slope (exp_153 degraded +0.00136 BPB) and add z-loss regularization (1e-4*logsumexp(logits)^2) to training+TTT: z-loss constrains log-partition function scale, complementing existing logit_softcap, preventing overconfident predictions, and potentially improving GPTQ quantization via smaller logit outliers.
155	147	13	000/002/003/004/047/048/056/076/078/080/081/146/147/155	generalist	size_blocked	1.075972		Reduce GPTQ block_size 128→64: smaller blocks give 2× more frequent Hessian-error corrections per matrix, improving quantization accuracy. exp_008 tried 128→32 (too aggressive) vs the old baseline; 64 is more moderate and should be near-optimal for our 512-dim matrices.
156	147	13	000/002/003/004/047/048/056/076/078/080/081/146/147/156	generalist	keep	1.075543	-0.000476	Bifurcated q_gain [H,2]: separate learnable temperature scales for RoPE dims (position-aware, first 16 of 64) vs NoPE dims (content-aware, remaining 48), allowing the model to independently optimize attention sharpness in each subspace. Initialization: both columns = 5.25 (same as current single q_gain).
157	156	14	000/002/003/004/047/048/056/076/078/080/081/146/147/156/157	generalist	size_blocked	1.076042		K residual: thread block[0]'s K projection of x0 to all attention layers as a learnable additive residual (sigmoid-gated, init≈0.047), applied after K's RMSNorm — symmetric to V residual (exp_081, -0.001067 BPB). Provides embedding→K shortcuts so each layer's keys carry token-identity signal for induction-head patterns.
158	156	14	000/002/003/004/047/048/056/076/078/080/081/146/147/156/158	generalist	size_blocked	1.079025		Increase EMA decay 0.9965→0.9985: broader SWA-like averaging over ~1400 steps of the warmdown trajectory instead of the last ~600 steps, smoothing the final checkpoint over more of the convergence basin.
159	156	14	000/002/003/004/047/048/056/076/078/080/081/146/147/156/159	generalist	keep	1.075418	-0.000125	Per-KV-head V-residual gate: expand v_res_scale from shape (1,) to (num_kv_heads=4,) so each KV head independently learns its own embedding-to-V gate strength, symmetric with the existing per-head attn_out_gate and bifurcated q_gain design.
160	159	15	000/002/003/004/047/048/056/076/078/080/081/146/147/156/159/160	generalist	discard	1.077115	+0.001697	Bifurcated K-gain [Hkv,2]: separate learnable temperature scales for RoPE dims (positional) vs NoPE dims (content) on key vectors, symmetric to the existing bifurcated q_gain [H,2]. Init 1.0 (neutral). Each of 4 KV heads independently tunes its RoPE/NoPE key sensitivity, giving full QK symmetry in positional vs content subspace control. k_gain added to CONTROL_TENSOR_NAME_PATTERNS (AdamW, not Muon NS). 8 scalar params per block × 11 blocks = 88 total params (trivial size).
161	159	15	000/002/003/004/047/048/056/076/078/080/081/146/147/156/159/161	generalist	size_blocked	1.076328		Increase rope_dims 16→32: equal 50/50 split of positional (RoPE) vs content (NoPE) attention subspace in each head, matching the bifurcated q_gain design that already treats these subspaces independently (exp_156 gained -0.000476). Zero new parameters.
162	159	15	000/002/003/004/047/048/056/076/078/080/081/146/147/156/159/162	generalist	eval_budget_overrun			Halve TTT chunk size 32768→16384: 2× more adaptation opportunities across the validation sequence (more frequent per-chunk model updates) while keeping total gradient compute constant (2× chunks × half data per step). More frequent updates should better track local distribution drift in the heterogeneous FineWeb eval set.
163	159	15	000/002/003/004/047/048/056/076/078/080/081/146/147/156/159/163	generalist	size_blocked	1.084754		Full-training QAT via straight-through estimator (STE): simulate per-row int6 SDClip quantization in every CastedLinear forward pass during training (clip_sigma=12.85, clip_range=31), so weights learn to cluster near int6 representable values throughout training rather than only in the final ~200 late-QAT steps; _qat_enabled disabled before GPTQ so calibration/quantization use clean fp32 weights.
164	159	15	000/002/003/004/047/048/056/076/078/080/081/146/147/156/159/164	generalist	size_blocked	1.075897		Learnable per-Q-head XSA subtraction strength (xsa_alpha [num_heads=8] per block): sigmoid(5.0)≈0.993 at init (near-full XSA, preserving current behavior), lets each head independently tune how much self-projection to subtract — copying/syntactic heads can soften toward 0 while contextual heads stay near 1, adding 88 tiny scalar params with zero size impact.
165	159	15	000/002/003/004/047/048/056/076/078/080/081/146/147/156/159/165	generalist	size_blocked	1.068413		Reduce matrix_clip_sigmas 12.85→5.0 for GPTQ int6: Muon-orthogonalized weight rows have max element ≈3.5σ (Gaussian theory for d=512 columns), so clip_sigmas=12.85 wastes 72% of the quantization range on non-existent tails, giving unnecessarily coarse 0.415·row_std step sizes. Reducing to 5.0 gives 2.57× finer quantization grid with essentially no actual clipping; GPTQ error-propagation compensates any residual tail weights.
166	159	15	000/002/003/004/047/048/056/076/078/080/081/146/147/156/159/166	generalist	size_blocked	1.075541		GPTQ block_size 64→32: halves the within-block error-propagation window per matrix, so each column's residual affects at most 31 subsequent columns instead of 63, reducing error accumulation within blocks. Does NOT change the distribution of quantized integer values (same values, computed more accurately), so compressibility and artifact size are unchanged. More frequent Hessian-error corrections for the same total computation.
167	159	15	000/002/003/004/047/048/056/076/078/080/081/146/147/156/159/167	generalist	size_blocked	1.076942		Post-GPTQ Hessian-weighted per-row scale refinement: after committing integer Q values, replace the statistics-based scale s=clip_sigma*std/clip_range with the least-squares optimal s_opt=sum(H_diag*Q*W)/sum(H_diag*Q^2) per row, strictly minimizing Hessian-weighted reconstruction error at zero artifact size cost.
168	159	15	000/002/003/004/047/048/056/076/078/080/081/146/147/156/159/168	generalist	size_blocked	1.136865		Byte-weighted training CE: weight each token's loss by its UTF-8 byte length (normalized to mean=1.0) to align training objective with BPB evaluation metric — tokens with more bytes get proportionally more gradient, concentrating optimization on tokens that matter most for val_bpb.
169	159	15	000/002/003/004/047/048/056/076/078/080/081/146/147/156/159/169	generalist	size_blocked	1.136493		Byte-weighted training CE (non-persistent buffer): weight each token's loss by its UTF-8 byte length (normalized to mean=1.0) to align training objective with BPB eval metric; buffer persistent=False so it's recomputed in __init__ at both train and eval deserialization — zero artifact cost.
170	159	15	000/002/003/004/047/048/056/076/078/080/081/146/147/156/159/170	generalist	discard	1.075575	+0.000157	Full-Hessian GPTQ scale refinement: replace diagonal-only per-row scale optimization with the exact s*=(W^T H Q)/(Q^T H Q) solution using the full (off-diagonal) activation Hessian, capturing input correlation structure for more accurate per-row quantization scales. Also removes broken byte-weighted CE code from previous session.
171	159	15	000/002/003/004/047/048/056/076/078/080/081/146/147/156/159/171	generalist	keep	1.075384	-0.000034	FreqGPTQ: bias GPTQ Hessian calibration toward high-frequency tokens (top-100 get sqrt(2)× activation boost → 2× H weight) so quantization error is minimized on patterns that dominate BPB; zero artifact size cost.
172	171	16	000/002/003/004/047/048/056/076/078/080/081/146/147/156/159/171/172	generalist	discard	1.079314	+0.003930	KV temporal shift mixing: add per-KV-head learnable tanh-bounded scalars (init 0=transparent) that blend each position's K and V with the previous position's K/V, giving lightweight local recurrence in key-value space without quantized parameters.
173	171	16	000/002/003/004/047/048/056/076/078/080/081/146/147/156/159/171/173	generalist	discard	1.077695	+0.002311	V normalization (RMSNorm on V before v_res addition): symmetric with existing QK normalization, making attention value vectors unit-scale before the residual is added; improves proj-layer GPTQ Hessian conditioning (more uniform activation scale → better-conditioned H = X^T X) and aligns with QKV-norm literature showing stability benefits at zero parameter cost.
174	171	16	000/002/003/004/047/048/056/076/078/080/081/146/147/156/159/171/174	generalist	size_blocked	1.077518		Muon-VS (Variance-Scaled Muon, arxiv 2601.14603): add per-row exponential-average squared-norm tracking (beta2=0.95, the existing but unused muon_beta2 hparam) to Muon, dividing the Nesterov gradient by sqrt(EMA(||row||²)) before NS5 orthogonalization — smoother gradient scaling during training transients claims ~1.36× iteration efficiency over standard Muon.
175	171	16	000/002/003/004/047/048/056/076/078/080/081/146/147/156/159/171/175	generalist	discard	1.077911	+0.002527	Continuous frequency-proportional GPTQ weighting: replace binary top-100 FreqGPTQ (only 1.2% of vocab boosted) with sqrt(freq/mean_freq).clamp(0.707, 1.414) applied to all tokens — tokens with above-average frequency get smooth gradient up to 1.41× activation boost (same max as before), rare tokens are down-weighted to 0.71× instead of 1.0, covering ~20% of vocab vs top-100 while using the same 4 pre-scan calibration batches.
176	171	16	000/002/003/004/047/048/056/076/078/080/081/146/147/156/159/171/176	generalist	discard	1.077752	+0.002368	One-sided FreqGPTQ: change clamp(0.5, 2.0) to clamp(1.0, 2.0) so rare tokens never get penalized (weight stays ≥ 1.0) while above-average-frequency tokens still get a smooth boost up to sqrt(2)×, fixing the core failure of exp_175's symmetric scheme that downweighted rare tokens and hurt BPB.
177	171	16	000/002/003/004/047/048/056/076/078/080/081/146/147/156/159/171/177	generalist	size_blocked	1.075595		Enable depth recurrence earlier (enable_looping_at 0.35→0.25): activates the 3-layer loop (layers 3-5 invoked 3×) at 150s instead of 210s, giving ~300 more looped training steps (~60s × ~5 steps/s) with the effectively deeper (~17-layer) architecture, at zero parameter cost.
178	171	16	000/002/003/004/047/048/056/076/078/080/081/146/147/156/159/171/178	generalist	size_blocked	1.075363		Remove full-Hessian GPTQ scale refinement (s*=(W^T H Q)/(Q^T H Q)): exp_170 showed this feature costs +0.000157 BPB yet it persisted into exp_171's code; removing it restores the simpler per-row SDClip scale that was empirically superior. Also reverts enable_looping_at to 0.35.
179	171	16	000/002/003/004/047/048/056/076/078/080/081/146/147/156/159/171/179	generalist	discard	1.075765	+0.000381	Increase GPTQ calibration batches 64→96: 50% more Hessian data gives a more accurate H=X^T X estimate, reducing GPTQ reconstruction error at zero artifact size cost (Q and scale tensors are unchanged in size; only Hessian quality improves).
180	171	16	000/002/003/004/047/048/056/076/078/080/081/146/147/156/159/171/180	generalist	size_blocked	1.079140		Learnable per-block MLP negative slope (PReLU²): replace fixed leaky_relu(0.5)^2 with a learnable neg_slope parameter (init=0.5) per block, allowing each of 11 blocks to independently discover its optimal negative-input activation strength. At init, activation is identical to current; model learns if 0.5 is optimal per layer.
181	171	16	000/002/003/004/047/048/056/076/078/080/081/146/147/156/159/171/181	generalist	size_blocked	1.076819		Replace MLP activation from leaky_relu(0.5)² to ReLU² (pure squared ReLU, negative_slope=0→0): maximum activation sparsity (~50% zero activations) creates sparser GPTQ Hessians, concentrating calibration budget on non-zero positions for better int6 reconstruction, while ReLU² has been shown to match SwiGLU perplexity in LLMs (arXiv 2402.03804) and benefit quantized inference.
182	171	16	000/002/003/004/047/048/056/076/078/080/081/146/147/156/159/171/182	generalist	size_blocked	1.075614		Learned per-block MLP activation mixing: add a scalar act_mix=nn.Parameter(tensor(-4.0)) per block so each block independently learns the optimal blend of relu² and leaky_relu(0.5)² via sigmoid(act_mix)*relu(h) + (1-sigmoid(act_mix))*leaky_relu(h,0.5); init at -4.0 → σ≈0.018 so training starts near exp_171's leaky_relu(0.5)² behavior while allowing blocks to learn toward relu² sparsity where it helps.
183	171	16	000/002/003/004/047/048/056/076/078/080/081/146/147/156/159/171/183	generalist	discard	1.216216	+0.140832	AdamW TTT (betas=(0.9,0.95), lr=0.001): replace SGD with AdamW for per-parameter adaptive learning rates during TTT; accumulated second-moment statistics across chunks act as learned per-parameter importance weights, normalizing updates by gradient variance and potentially improving adaptation quality vs. SGD's uniform momentum.
184	171	16	000/002/003/004/047/048/056/076/078/080/081/146/147/156/159/171/184	generalist	discard	1.079045	+0.003661	Z-loss regularization (alpha=1e-4): add 1e-4 * mean(log(sum(exp(logits)))^2) to training CE; penalizes large log-partition-function to prevent logit magnitude growth, stabilize training, and improve calibration — used in PaLM/Gemini but untried in our lineage.
185	171	16	000/002/003/004/047/048/056/076/078/080/081/146/147/156/159/171/185	generalist	discard	1.081399	+0.006015	LAWA (Latest Weight Averaging): replace EMA with uniform average of 5 explicit model snapshots taken at training fracs 0.85, 0.88, 0.91, 0.94, 0.97 — captures the convergent warmdown tail more precisely than the 286-step-window EMA (arxiv 2306.03241).
186	171	16	000/002/003/004/047/048/056/076/078/080/081/146/147/156/159/171/186	generalist	discard	1.079847	+0.004463	Last-4-blocks TTT (blocks 7-10 only) with ttt_epochs=5: restrict TTT adaptation to the last 4 blocks (lr_scale 1.2-1.5) and increase epochs 3→5 — faster backward (skip 7/11 blocks, ~60% backward savings) makes 5 epochs fit within the eval budget while focusing adaptation on semantically-rich later layers.
189	171	16	000/002/003/004/047/048/056/076/078/080/081/146/147/156/159/171/189	generalist	size_blocked	1.075426		Remove full-Hessian GPTQ scale refinement (s*=(W^T H Q)/(Q^T H Q)): exp_178 confirmed this feature hurts BPB (exp_170 cost +0.000157 BPB); clean rebase to exp_171 then removing only these 10 lines avoids the size_blocked issue that plagued exp_178 due to accumulated workdir code.
190	171	16	000/002/003/004/047/048/056/076/078/080/081/146/147/156/159/171/190	generalist	size_blocked	1.078456		Focal loss (gamma=0.5) during training: down-weight easy tokens (high predicted probability) and up-weight hard/rare tokens, giving the model richer gradient signal on infrequent vocabulary items that disproportionately inflate BPB.
191	171	16	000/002/003/004/047/048/056/076/078/080/081/146/147/156/159/171/191	generalist	size_blocked	1.080347		Deeper LR warmdown: reduce min_lr from 0.05 to 0.01 (decay to 1% of peak instead of 5%), allowing the cosine warmdown's final convergence phase to reach near-zero LR as recommended by WSD / D2Z research.
192	171	16	000/002/003/004/047/048/056/076/078/080/081/146/147/156/159/171/192	generalist	discard	1.075401	+0.000017	Remove full-Hessian GPTQ scale refinement (s*=(W^T H Q)/(Q^T H Q)): exp_178 measured BPB=1.075363 from this edit but was size_blocked due to accumulated workdir code; rebased to clean exp_171 base, code shrinks by ~11 lines so artifact fits.
193	171	16	000/002/003/004/047/048/056/076/078/080/081/146/147/156/159/171/193	generalist	size_blocked	1.076566		ExoFormer K residual (arxiv 2601.08131): add block[0]'s K projection of normalized x0 as a per-KV-head gated residual to all blocks' K, symmetric with the existing successful V residual; gate init sigmoid(-3.0)≈0.047, zero artifact size overhead.
194	171	16	000/002/003/004/047/048/056/076/078/080/081/146/147/156/159/171/194	generalist	size_blocked	1.077065		Q-residual anchor (ExoFormer-style): thread block[0]'s Q projection of normalized x0 as a per-head gated residual to all blocks' Q (after RMSNorm, before RoPE+gain), symmetric with the existing V-residual that gave -0.001067 BPB. Init q_res_scale=-3.0 (sigmoid≈0.047, near-transparent). Provides raw-token query-intent anchors across all layers, especially for recurrent blocks 3-5. 88 new scalars → ~176 bytes artifact impact.
195	171	16	000/002/003/004/047/048/056/076/078/080/081/146/147/156/159/171/195	generalist	eval_budget_overrun			MuonTTT: replace SGD+momentum TTT optimizer with Muon-style NS-normalized momentum — accumulate gradient into momentum buffer (same as current), then apply zeropower_via_newtonschulz5 to 2D matrix buffers before the weight update; 1D params use plain heavy-ball; ns_steps=5 matches training quality.
196	171	16	000/002/003/004/047/048/056/076/078/080/081/146/147/156/159/171/196	generalist	eval_budget_overrun			MuonTTT with ttt_epochs=2: NS-normalized momentum TTT (LaCT arXiv 2505.23884) using zeropower_via_newtonschulz5 on 2D momentum buffers; reduce epochs 3→2 to fit eval budget (exp_195 overran by 3s with epochs=3, saving ~45s by dropping one epoch while adding ~18s NS overhead).
197	171	16	000/002/003/004/047/048/056/076/078/080/081/146/147/156/159/171/197	generalist	eval_budget_overrun			MuonTTT with min_dim=64 gate: NS-normalized momentum TTT applied only to large weight matrices (both dims ≥ 64), avoiding recompilation overhead from small control tensors (q_gain 8×2, resid_mix 2×512) that use AdamW in training so their shapes aren't in the NS compile cache; ttt_epochs=3 restored.
198	171	16	000/002/003/004/047/048/056/076/078/080/081/146/147/156/159/171/198	generalist	discard	1.317916	+0.242532	MuonTTT ns_steps=2 diagnostic: reduce NS iterations from 5 to 2 to test if NS compute is the source of the 8s eval overhead (if still 603s, overhead is from Python loop iteration, not NS; if ~598s, overhead was NS compute).
199	171	16	000/002/003/004/047/048/056/076/078/080/081/146/147/156/159/171/199	generalist	size_blocked	1.075137		Increase warmdown_frac from 0.72 to 0.78: spend 78% of the 600s training budget in cosine LR decay (vs current 72%), giving more steps at sub-peak LR for tighter convergence as recommended by WSD/D2Z literature (arxiv 2602.06797).
200	171	16	000/002/003/004/047/048/056/076/078/080/081/146/147/156/159/171/200	generalist	size_blocked	1.075522		Increase warmdown_frac from 0.72 to 0.75: spend 75% of training budget in cosine LR decay instead of 72%, giving more convergence time per WSD/D2Z literature while avoiding the 2.7KB size increase seen with warmdown_frac=0.78.
187	exp_171	0	187	generalist	discard	1.080083	+0.004699	Increase rope_dims from 16 to 24 (37.5% of head_dim=64) to give the model richer positional encoding across more frequency pairs, with no parameter cost since q_gain bifurcation already handles the RoPE/NoPE split dynamically.
188	exp_171	0	188	generalist	discard	1.079168	+0.003784	FreqGPTQ stronger boost: increase top-100 token activation multiplier from sqrt(2.0) to sqrt(3.0) (2× → 3× H weight), more aggressively minimizing GPTQ reconstruction error on the tokens that dominate BPB while keeping the same narrow top-100 coverage.
